vNum,iLayer,Surface,Property,Status,Nugget,Str1,Sill,Max_Range,Med_Range,Min_Range,Min_Range2,Param1,Rotation,leaf_size,max_numNeighbr,max_distRatio,Max_Nugget,Tol_max,Tol_med,Tol_min,aveH,Sublayering
0,0,UPPER CARBONATE,All,1,0,RBF,1,20000,20000,0.125,0.125,0.5,0,5,12,3,0,0.5,0.5,0.9,79.91593272,8
1,1,MIDDLE CARBONATE,All,1,0,RBF,1,20000,20000,0.043478261,0.04,0.5,0,5,12,3,0,0.5,0.5,0.9,232.0688421,23
2,2,LOWER CARBONATE,All,1,0,RBF,1,20000,20000,0.045454545,0.04,0.5,0,5,12,3,0,0.5,0.5,0.9,221.9636332,22
3,3,LOWER ORGANIC,All,1,0,RBF,1,20000,20000,0.083333333,0.08,0.5,0,5,12,3,0,0.5,0.5,0.9,124.808071,12
4,4,BASAL CARBONATE,All,1,0,RBF,1,20000,20000,0.2,0.2,0.5,0,5,12,3,0,0.5,0.5,0.9,53.32411384,5
5,5,LA COCINA,All,1,0,RBF,1,20000,20000,0.1,0.1,0.5,0,5,12,3,0,0.5,0.5,0.9,98.20125888,10
6,6,CATRIEL,All,1,0,RBF,1,20000,20000,0.05,0.05,0.5,0,5,18,3,0,0.5,0.5,0.9,200.0,20
7,7,Base,All,0,0,RBF,1,20000,20000,1.0,1.0,0.5,0,5,18,3,0,0.5,0.5,0.9,10.0,1
