MD,Formation,Pore Pressure Gradient
5423.69,SPRBU,0.42
5719.96,SPRBM,0.42
5822.12,SPRBM_Mid,0.42
6004,SPRBL,0.42
6095.55,SPRBL_Org,0.42
6142.91,SPRBL_OrgB,0.42
6142.91,JMLL,0.42
6407.77947,SPRBLSH,0.42
6699.73031,DEAN,0.42
6792.74236,WFMPA,0.44
7073.46208,WFMPB,0.55
7413.37174,WFMPC,0.55
7760.4684,CLINE,0.55
8239.64799,STRN,0.55
